[
{
    "afsName": "emptyPix_NilCollide",
    "pngs": [
        {
            "path": "emptyPix.P.png",
            "frameNum.col":  1,
            "frameNum.row":  1,
            "totalFrameNum": 1,
            "isHaveShadow": false,
            "isPjtSingle": true,
            "isShadowSingle": true,
        
            "subspecs": [
                {
                    "type": "handle",
                    "animLabel": "",
                    "subIdx": 0,
                    "AnimActionParams":[
                        {
                            "actionEName": "Idle", "dir": "Center", "brokenLvl": 0,
                            "type": "singleFrame",
                            "lFrameIdx": 0,
                            "isOpaque": true
                        }
                    ]
                }
            ]
        }       
    ]
},

{
    "afsName": "emptyPix_SquareCollide",
    "pngs": [
        {
            "path": "emptyPix.P.png",
            "frameNum.col":  1,
            "frameNum.row":  1,
            "totalFrameNum": 1,
            "isHaveShadow": false,
            "isPjtSingle": true,
            "isShadowSingle": true,
        
            "subspecs": [
                {
                    "type": "handle",
                    "animLabel": "",
                    "subIdx": 0,
                    "AnimActionParams":[
                        {
                            "actionEName": "Idle", "dir": "Center", "brokenLvl": 0,
                            "type": "singleFrame",
                            "lFrameIdx": 0,
                            "isOpaque": true
                        }
                    ]
                }
            ]
        }        
    ]
}

]
