[
{
    "Notes": "石头 3m4",

    "plotName": "whiteRock",
    "plotLabel": "3m4",

    "pngLPath": "3m4.M.png",
    "frameNum.col":  5,
    "frameNum.row":  3,
    "totalFrameNum": 15,

    "varTypes":[
        {
            "type": "V_1",
            "isAllInstanceUseSamePlan": false,
            "goSpecPool":[
                { "goSpeciesName": "rock", "goLabel":"Big_Light_Bald", "num": 1 }
            ]
        }
        
    ]
},

{
    "Notes": "石头 3m4, 顶部带苔藓",

    "plotName": "whiteRock",
    "plotLabel": "3m4_lichen",

    "pngLPath": "3m4_lichen.M.png",
    "frameNum.col":  4,
    "frameNum.row":  3,
    "totalFrameNum": 12,

    "varTypes":[
        {
            "type": "V_1",
            "isAllInstanceUseSamePlan": false,
            "goSpecPool":[
                { "goSpeciesName": "rock", "goLabel":"Big_Light_Bald", "num": 1 }
            ]
        },

        {
            "type": "V_2",
            "isAllInstanceUseSamePlan": false,
            "goSpecPool":[
                { "goSpeciesName": "rock", "goLabel":"Big_Light_Lichen", "num": 1 }
            ]
        }
    ]
}



]
