[
{
    "Notes": "试验性质的yard蓝图，一组篱笆，一个 plot变量，两颗bush",

    "yardName": "2m2_1",
    

    "pngLPath": "2m2.M.png",
    "frameNum.col":  1,
    "frameNum.row":  1,
    "totalFrameNum": 1,

    "isHaveMajorGos": true,
    "isHaveFloorGos": true,


    "yardObjs":[
        {
            "yardLabel": "",
            "dir": "Center",
            "isAllFramesInclude": true,

            "varTypes":[
                {
                    "Notes": "篱笆",
                    "type": "V_1",
                    "isFloorGo": false,
                    "isAllInstanceUseSamePlan": true,
                    "goSpecPool":[
                        { "goSpeciesName": "fence", "goLabel": "T2", "num": 1 }
                    ]
                },
        
                {
                    "Notes": "plot变量",
                    "type": "V_2",
                    "isFloorGo": false,
                    "isAllInstanceUseSamePlan": false,
                    "plotPool":[ 

                        { "plotName": "whiteRock", "plotLabel": "4m3", "num": 0 },
                        { "plotName": "whiteRock", "plotLabel": "4m3_lichen", "num": 0 },
                        { "plotName": "whiteRock", "plotLabel": "3m4", "num": 0 },
                        { "plotName": "whiteRock", "plotLabel": "3m4_lichen", "num": 0 },

                        { "plotName": "hollowLog", "plotLabel": "forest_2m2", "num": 0 },
                        { "plotName": "hollowLog", "plotLabel": "forest_2m3", "num": 0 },
                        { "plotName": "hollowLog", "plotLabel": "forest_3m2", "num": 1 }


                    ]
                },
        
                {
                    "Notes": "灌木草",
                    "type": "V_3",
                    "isFloorGo": false,
                    "isAllInstanceUseSamePlan": true,
                    "goSpecPool":[
                        { "goSpeciesName": "grass", "goLabel":"Flower_White_Mid", "num": 1 }
                        
                    ]
                },
        
                {
                    "Notes": "碎石头",
                    "type": "V_4",
                    "isFloorGo": false,
                    "isAllInstanceUseSamePlan": false,
                    "goSpecPool":[
                        { "goSpeciesName": "breakStone", "goLabel": "Light", "num": 0 },
                        { "goSpeciesName": "bush", "goLabel": "Blackberry", "num": 0 },
                        { "goSpeciesName": "bush", "goLabel": "Greyberry", "num": 0 },
        
                        { "goSpeciesName": "bush", "goLabel":"Origin", "num": 1 }
        
                    ]
                },
        
                {
                    "Notes": "生物测试位： dir:Light; 比如：鸡",
                    "type": "V_10",
                    "isFloorGo": false,
                    "isAllInstanceUseSamePlan": false,
                    "goSpecPool":[
        
                        { "goSpeciesName": "chicken", "goLabel": "Hen", "num": 1 }

                        
        
                    ]
                },
        
        
                {
                    "Notes": " 地板_test ------------------------------ ",
                    "type": "V_30",
                    "isFloorGo": true,
                    "FloorGoSize": "MapEnt_2m2",
                    "isAllInstanceUseSamePlan": true,
                    "goSpecPool":[
                        { "goSpeciesName": "floorGo", "goLabel":"Blue_2m2", "num": 3 }
                    ]
                },
        
                {
                    "Notes": "地板_test",
                    "type": "V_29",
                    "isFloorGo": true,
                    "FloorGoSize": "MapEnt_3m3",
                    "isAllInstanceUseSamePlan": true,
                    "goSpecPool":[
                        { "goSpeciesName": "floorGo", "goLabel":"Blue_3m3", "num": 3 }
                    ]
                },
        
                {
                    "Notes": "地板_test",
                    "type": "V_28",
                    "isFloorGo": true,
                    "FloorGoSize": "MapEnt_4m4",
                    "isAllInstanceUseSamePlan": true,
                    "goSpecPool":[
                        { "goSpeciesName": "floorGo", "goLabel":"Blue_4m4", "num": 3 }
                    ]
                }
        
        
            ]

        }
    ]

}

]

