[
{
    "Notes": "nature yard majorGos，1-tree",

    "yardName": "N_savannah_trees",
    

    "pngLPath": "N_forest_1tree.M.png",
    "frameNum.col":  8,
    "frameNum.row":  9,
    "totalFrameNum": 72,

    "isHaveMajorGos": true,
    "isHaveFloorGos": false,

    "yardObjs":[
        {
            "yardLabel": "1Mid",
            "dir": "Center",
            "isAllFramesInclude": true,

            "varTypes":[
                {
                    "Notes": "单独一颗树",
                    "type": "V_1",
                    "isFloorGo": false,
                    "isAllInstanceUseSamePlan": false,
                    "goSpecPool":[
                        
                        { "goSpeciesName": "figTree", "goLabel": "Mid", "num": 3 }
        
                    ]
                },
        
                {
                    "Notes": "草-矮",
                    "type": "V_10",
                    "isFloorGo": false,
                    "isAllInstanceUseSamePlan": false,
                    "goSpecPool":[
        
                        { "goSpeciesName": "grass", "goLabel":"Flower_White_Big", "num": 0 },
                        { "goSpeciesName": "grass", "goLabel":"Flower_White_Mid", "num": 0 },
                        { "goSpeciesName": "grass", "goLabel":"Flower_White_Sml", "num": 0 },
        
        
                        { "goSpeciesName": "grass", "goLabel":"Shamrock_White_Sml", "num": 0 },
                        { "goSpeciesName": "grass", "goLabel":"Shamrock_White_Mid", "num": 0 },
        
                        { "goSpeciesName": "grass", "goLabel":"Shamrock_Green_Sml", "num": 1 },
                        { "goSpeciesName": "grass", "goLabel":"Shamrock_Green_Mid", "num": 5 }
        
                    ]
                },
        
                {
                    "Notes": "草-高",
                    "type": "V_11",
                    "isFloorGo": false,
                    "isAllInstanceUseSamePlan": false,
                    "goSpecPool":[
        
                        { "goSpeciesName": "grass", "goLabel":"Savannah_Grass1_Big", "num": 1 },
                        { "goSpeciesName": "grass", "goLabel":"Savannah_Grass1_Mid", "num": 3 },
                        { "goSpeciesName": "grass", "goLabel":"Savannah_Grass1_Sml", "num": 1 }
        
        
                    ]
                }
            ]

        }
    ]

    
}




]
