[
    {
        "goSpeciesName": "rock",
        "without_holds": true,

        "renderLayerType": "MajorGoes",
        "shaderType": "OriginColor",

        
        "plans":[
            {
                "goLabel": "Big_Light_Bald",
                "collide":{
                    "collideType": "Square",
                    "signInMapEnts_square_type": "T_1m1"
                },
                "goMeshs":[
                    { "afsName": "whiteRock", "animLabel": "Big_Light_Bald"  }
                ]
            },

            {
                "goLabel": "Big_Light_Lichen",
                "collide":{
                    "collideType": "Square",
                    "signInMapEnts_square_type": "T_1m1"
                },
                "goMeshs":[
                    { "afsName": "whiteRock", "animLabel": "Big_Light_Lichen"  }
                ]
            }

        ]
    }
]

