[
    {"artifacts/fence/_fence.go.json": true },
    {"artifacts/firewood/_firewood.go.json": true },
    {"artifacts/stoneWall/_stoneWall.go.json": true },
    {"artifacts/campfire/_campfire.go.json": true },
    {"artifacts/glassBottle/_glassBottle.go.json": true },
    {"artifacts/pot/_pot.go.json": true },
    {"artifacts/trough/_trough.go.json": true },


    {"breakStone/_breakStone.go.json": true },
    {"bushs/_bush.go.json": true },
    {"cactus/_cactus.go.json": true },

    

    {"chicken/_chicken.go.json": true },
    {"fieldRim/_fieldRim.go.json": true },
    {"floorGo/_floorGo.go.json": true },

    

    {"grass/_grass.go.json": true },
    {"groundGo/_groundGo.go.json": true },
    {"mushroom/_mushroom.go.json": true },
    
    {"playerGoCircle/_playerGoCircle.go.json": true },

    {"bioSoup/_bioSoup.go.json": true },

    {"hollowLog/_hollowLog.go.json": true },

    {"rocks/_rock.go.json": true },


    {"trees/figTree/_figTree.go.json": true },
    {"trees/pineTree/_pineTree.go.json": true },
    {"trees/poplarTree/_poplarTree.go.json": true }

]
