[

    {
        "goSpeciesName": "grass",

        "renderLayerType": "MajorGoes",
        "shaderType": "OriginColor",
        
        "plans":[
            {
                "goLabel.hold": "goLabel_1",
                "collide.hold": "C_1",
                "goMeshs":[
                    {  "dpos": [0,  0], "zOff": 0.0, "afsName.hold": "afs_1", "animLabel": "Mid"  }
                ]
            },


            {
                "goLabel.hold": "goLabel_1",
                "collide.hold": "C_1",
                "goMeshs":[
                    {  "dpos": [0, 0], "zOff": 0.0, "afsName.hold": "afs_1", "animLabel": "Sml"  }
                ]
            },
            

            {
                "goLabel.hold": "goLabel_2",
                "collide.hold": "C_1",
                "goMeshs":[
                    {  "dpos": [-15, -13], "zOff": 0.0, "afsName.hold": "afs_1", "animLabel": "Sml"  },
                    {  "dpos": [11, 12], "zOff": 0.0, "afsName.hold": "afs_1", "animLabel": "Sml"  }
                ]
            },

            {
                "goLabel.hold": "goLabel_2",
                "collide.hold": "C_1",
                "goMeshs":[
                    {  "dpos": [13, -13], "zOff": 0.0, "afsName.hold": "afs_1", "animLabel": "Sml"  },
                    {  "dpos": [-13, 12], "zOff": 0.0, "afsName.hold": "afs_1", "animLabel": "Sml"  }
                ]
            },


            {
                "goLabel.hold": "goLabel_2",
                "collide.hold": "C_1",
                "goMeshs":[
                    {  "dpos": [0, -13], "zOff": 0.0, "afsName.hold": "afs_1", "animLabel": "Mid"  },
                    {  "dpos": [0, 11], "zOff": 0.0, "afsName.hold": "afs_1", "animLabel": "Sml"  }
                ]
            },

            {
                "goLabel.hold": "goLabel_2",
                "collide.hold": "C_1",
                "goMeshs":[
                    {  "dpos": [0, -13], "zOff": 0.0, "afsName.hold": "afs_1", "animLabel": "Sml"  },
                    {  "dpos": [0, 11], "zOff": 0.0, "afsName.hold": "afs_1", "animLabel": "Mid"  }
                ]
            }
            
            
        ],

        "holds":[
            {
                "afsName.holds":{
                    "afs_1": "grass_triFlower_grey"
                },

                "collide.holds":{
                    "C_1":{
                        "collideType": "Square",
                        "signInMapEnts_square_type": "T_1m1"
                    }
                },

                "goLabel.holds":{
                    "goLabel_1": "TriFlower_Grey_Sml",
                    "goLabel_2": "TriFlower_Grey_Mid"
                }
            }
        ]
    }
]

