[
    {
        "goSpeciesName": "stoneWall",
        "without_holds": true,

        "renderLayerType": "MajorGoes",
        "shaderType": "OriginColor",

        "plans":[
            {
                "goLabel": "Light",
                "collide":{
                    "collideType": "Square",
                    "signInMapEnts_square_type": "T_1m1"
                },
                "goMeshs":[
                    { "afsName": "stoneWall", "animLabel": "Light"  }
                ]
            },
            {
                "goLabel": "Grey",
                "collide":{
                    "collideType": "Square",
                    "signInMapEnts_square_type": "T_1m1"
                },
                "goMeshs":[
                    { "afsName": "stoneWall", "animLabel": "Grey"  }
                ]
            },
            {
                "goLabel": "Dark",
                "collide":{
                    "collideType": "Square",
                    "signInMapEnts_square_type": "T_1m1"
                },
                "goMeshs":[
                    { "afsName": "stoneWall", "animLabel": "Dark"  }
                ]
            }
        ]
    }
]

