[

{
    "afsName": "hollowLog_poplar",
    "pngs": [
        {
            "path": "poplar.P.png",
            "frameNum.col":  4,
            "frameNum.row":  2,
            "totalFrameNum": 8,
            "isHaveShadow": true,
            "isPjtSingle": true,
            "isShadowSingle": false,

            "subspecs": [

                {
                    "type": "batch",
                    "animLabel": "Normal",
                    "fstSubIdx": 0,
                    "fstIdx": 0,
                    "idxNums": 3,
                    "actionEName": "Idle", "dir": "B", "brokenLvl": 0,
                    "isOpaque": true
                },


                {
                    "type": "batch",
                    "animLabel": "Normal",
                    "fstSubIdx": 0,
                    "fstIdx": 4,
                    "idxNums": 3,
                    "actionEName": "Idle", "dir": "L", "brokenLvl": 0,
                    "isOpaque": true
                },


                {
                    "type": "handle",
                    "animLabel": "Special",
                    "subIdx": 0,
                    "AnimActionParams":[
                        { "actionEName": "Idle", "dir": "B", "brokenLvl": 0, "type": "singleFrame", "lFrameIdx": 3, "isOpaque": true },
                        { "actionEName": "Idle", "dir": "L", "brokenLvl": 0, "type": "singleFrame", "lFrameIdx": 7, "isOpaque": true }
                    ]
                }

            ]
        }

    ]
}

]

