[
{
    "Notes": "4f4-yard 石制迷宫组件 ",

    "yardName": "rockMaze",
    

    "pngLPath": "rockMaze_center1.M.png",
    "frameNum.col":  2,
    "frameNum.row":  1,
    "totalFrameNum": 2,

    "isHaveMajorGos": true,
    "isHaveFloorGos": true,

    "yardObjs":[
        {
            "yardLabel": "Center",
            "dir": "Center",
            "isAllFramesInclude": true,

            "varTypes":[
                {
                    "Notes": " 无苔藓-石Ent 1mpgo ",
                    "type": "V_1",
                    "isFloorGo": false,
                    "isAllInstanceUseSamePlan": false,
                    "goSpecPool":[
                        { "goSpeciesName": "rock", "goLabel":"Big_Light_Bald", "num": 1 }
                    ]
                },
        
                {
                    "Notes": " 石墙 4m1 ",
                    "type": "V_13",
                    "isFloorGo": false,
                    "isAllInstanceUseSamePlan": false,
                    "plotPool":[ 
                        { "plotName": "whiteRockWall", "plotLabel": "4m1", "num": 3 } 
                    ]
                },
        
                {
                    "Notes": " 石墙 1m4 ",
                    "type": "V_14",
                    "isFloorGo": false,
                    "isAllInstanceUseSamePlan": false,
                    "plotPool":[ 
                        { "plotName": "whiteRockWall", "plotLabel": "1m4", "num": 3 } 
                    ]
                },
        
        
        
                {
                    "Notes": "地板_test",
                    "type": "V_30",
                    "isFloorGo": true,
                    "FloorGoSize": "MapEnt_2m2",
                    "isAllInstanceUseSamePlan": false,
                    "goSpecPool":[
                        { "goSpeciesName": "floorGo", "goLabel":"Blue_2m2", "num": 3 }
                    ]
                },
                {
                    "Notes": "地板_test",
                    "type": "V_29",
                    "isFloorGo": true,
                    "FloorGoSize": "MapEnt_3m3",
                    "isAllInstanceUseSamePlan": false,
                    "goSpecPool":[
                        { "goSpeciesName": "floorGo", "goLabel": "Blue_3m3", "num": 3 }
                    ]
                },
                {
                    "Notes": "地板_test",
                    "type": "V_28",
                    "isFloorGo": true,
                    "FloorGoSize": "MapEnt_4m4",
                    "isAllInstanceUseSamePlan": false,
                    "goSpecPool":[
                        { "goSpeciesName": "floorGo", "goLabel": "Blue_4m4", "num": 3 }
                    ]
                }
        
        
            ]

        }
    ]

    
}




]
