[
{
    "Notes": "3m2  倒地树干",

    "plotName": "hollowLog",
    "plotLabel": "forest_3m2",

    "pngLPath": "3m2.M.png",
    "frameNum.col":  5,
    "frameNum.row":  4,
    "totalFrameNum": 20,

    "varTypes":[
        {
            "Notes": " 普通 倒地树干 ",
            "type": "V_1",
            "isAllInstanceUseSamePlan": false,
            "goSpecPool":[
                { "goSpeciesName": "hollowLog", "goLabel": "Poplar_Normal", "num": 1 }
            ]
        },

        {
            "Notes": " 特殊 倒地树干 ",
            "type": "V_2",
            "isAllInstanceUseSamePlan": false,
            "goSpecPool":[
                { "goSpeciesName": "hollowLog", "goLabel": "Poplar_Special", "num": 1 }
            ]
        },
        

        {
            "Notes": " 草 ",
            "type": "V_10",
            "isAllInstanceUseSamePlan": false,
            "goSpecPool":[

                { "isPlaceHolder": true, "num": 3 },

                { "goSpeciesName": "grass", "goLabel":"Flower_White_Big", "num": 1 },
                { "goSpeciesName": "grass", "goLabel":"Flower_White_Mid", "num": 3 },
                { "goSpeciesName": "grass", "goLabel":"Flower_White_Sml", "num": 1 },

                { "goSpeciesName": "grass", "goLabel":"Flower_HighWhite_Mid", "num": 1 },
        
                { "goSpeciesName": "mushroom", "goLabel":"Mid", "num": 1 },
        
                { "goSpeciesName": "breakStone", "goLabel": "Light", "num": 1 },
                { "goSpeciesName": "bush", "goLabel": "Greyberry", "num": 1 }


            ]
        }
    ]
}

]
