[
    {
        "afsName": "playerGoCircle",
        "pngs": [
            {
                "path": "playerGoCircle2.P.png",
                "frameNum.col":  1,
                "frameNum.row":  1,
                "totalFrameNum": 1,
                "isHaveShadow": false,
                "isPjtSingle": true,
    
                "subspecs": [
                    {
                        "type": "handle",
                        "animLabel": "",
                        "subIdx": 0,
                        "AnimActionParams":[
                            {
                                "actionEName": "Idle", "dir": "Center", "brokenLvl": 0,
                                "type": "singleFrame",
                                "lFrameIdx": 0,
                                "isOpaque": false
                            } 
                        ]
                    }
                ]
            }
        ]
    }
]