[
  {
    "goSpeciesName": "fence",
    "parentID": 0,
    "family": "Major",
    "state": "Waked",
    "moveState": "AbsFixed",
    "isMoveCollide": true,
    "isDoPass": false,
    "isBePass": false,
    "extraPassableDogoSpeciesNames":[],

    "alti": 0, 
    "lAltiRanges": [
        { "label": "", "val": [0.0, 53.0] }
    ],

    "weight": 50,
    "pub.HP": 170,
    "pub.MP": 50,

    "afs_lPaths": [ 
        "_fence.afs.json"
    ],
    "goAsm_lPaths": [
        "_fence.asm.json"
    ]

  }
]

