[
    {
        "goSpeciesName": "fence",
        "without_holds": true,

        "renderLayerType": "MajorGoes",
        "shaderType": "OriginColor",

        "plans":[
            {
                "goLabel": "T2",

                "collide":{
                    "collideType": "Square",
                    "signInMapEnts_square_type": "T_1m1"
                },

                "goMeshs":[
                    { "afsName": "fence", "animLabel": "T2"  }
                ]
            }
        ]
    }
]

