[
    {
        "goSpeciesName": "cactus",
        "without_holds": true,

        "renderLayerType": "MajorGoes",
        "shaderType": "OriginColor",

        "plans":[
            {
                "goLabel": "Sml",
                "goAltiRangeLabel": "Sml",
                "collide":{
                    "collideType": "Circular",
                    "moveColliRadius": 38.0,
                    "skillColliRadius": 55.0
                },
                "goMeshs":[
                    { "afsName": "cactus", "animLabel": "Sml"  }
                ]
            },

            {
                "goLabel": "Mid",
                "goAltiRangeLabel": "Mid",
                "collide":{
                    "collideType": "Circular",
                    "moveColliRadius": 48.0,
                    "skillColliRadius": 63.0
                },
                "goMeshs":[
                    { "afsName": "cactus", "animLabel": "Mid"  }
                ]
            }
        ]
    }
]

