[
    {
        "goSpeciesName": "floorGo",

        "renderLayerType": "Floor",
        "shaderType": "OriginColor",

        "opt.floorGoLayer": "L_0",

        "plans":[
            {
                "goLabel.hold": "goLabel_1",
                "collide":{ "collideType": "Nil" },
                "goMeshs":[
                    { "afsName.hold": "afs_1", "animLabel": "MapEnt_2m2"  }
                ]
            },
            {
                "goLabel.hold": "goLabel_2",
                "collide":{ "collideType": "Nil" },
                "goMeshs":[
                    { "afsName.hold": "afs_1", "animLabel": "MapEnt_3m3"  }
                ]
            },
            {
                "goLabel.hold": "goLabel_3",
                "collide":{ "collideType": "Nil" },
                "goMeshs":[
                    { "afsName.hold": "afs_1", "animLabel": "MapEnt_4m4"  }
                ]
            }
        ],


        "holds":[
            {
                "afsName.holds":{
                    "afs_1": "floorGo_colorful"
                },
                "goLabel.holds":{
                    "goLabel_1": "Colorful_2m2",
                    "goLabel_2": "Colorful_3m3",
                    "goLabel_3": "Colorful_4m4"
                }
            },

            {
                "afsName.holds":{
                    "afs_1": "floorGo_red"
                },
                "goLabel.holds":{
                    "goLabel_1": "Red_2m2",
                    "goLabel_2": "Red_3m3",
                    "goLabel_3": "Red_4m4"
                }
            },

            {
                "afsName.holds":{
                    "afs_1": "floorGo_blue"
                },
                "goLabel.holds":{
                    "goLabel_1": "Blue_2m2",
                    "goLabel_2": "Blue_3m3",
                    "goLabel_3": "Blue_4m4"
                }
            }
        ]
    }
]

