[
{
    "afsName": "floorGo_colorful",
    "pngs": [
        {
            "path": "colorful/2m2.P.png",
            "frameNum.col":  1,
            "frameNum.row":  1,
            "totalFrameNum": 1,
            "isHaveShadow": false,
            "isPjtSingle": true,

            "subspecs": [
                {
                    "type": "batch",
                    "animLabel": "MapEnt_2m2",
                    "fstSubIdx": 0,
                    "fstIdx": 0,
                    "idxNums": 1,
                    "actionEName": "Idle", "dir": "Center", "brokenLvl": 0,
                    "isOpaque": true
                }
            ]
        },
        
        {
            "path": "colorful/3m3.P.png",
            "frameNum.col":  1,
            "frameNum.row":  1,
            "totalFrameNum": 1,
            "isHaveShadow": false,
            "isPjtSingle": true,
   
            "subspecs": [
                {
                    "type": "batch",
                    "animLabel": "MapEnt_3m3",
                    "fstSubIdx": 0,
                    "fstIdx": 0,
                    "idxNums": 1,
                    "actionEName": "Idle", "dir": "Center", "brokenLvl": 0,
                    "isOpaque": true
                }
            ]
        },

        {
            "path": "colorful/4m4.P.png",
            "frameNum.col":  1,
            "frameNum.row":  1,
            "totalFrameNum": 1,
            "isHaveShadow": false,
            "isPjtSingle": true,

            "subspecs": [
                {
                    "type": "batch",
                    "animLabel": "MapEnt_4m4",
                    "fstSubIdx": 0,
                    "fstIdx": 0,
                    "idxNums": 1,
                    "actionEName": "Idle", "dir": "Center", "brokenLvl": 0,
                    "isOpaque": true
                }
            ]
        }

    ]
},

{
    "afsName": "floorGo_red",
    "pngs": [
        {
            "path": "red/2m2.P.png",
            "frameNum.col":  1,
            "frameNum.row":  1,
            "totalFrameNum": 1,
            "isHaveShadow": false,
            "isPjtSingle": true,

            "subspecs": [
                {
                    "type": "batch",
                    "animLabel": "MapEnt_2m2",
                    "fstSubIdx": 0,
                    "fstIdx": 0,
                    "idxNums": 1,
                    "actionEName": "Idle", "dir": "Center", "brokenLvl": 0,
                    "isOpaque": true
                }
            ]
        },
        
        {
            "path": "red/3m3.P.png",
            "frameNum.col":  1,
            "frameNum.row":  1,
            "totalFrameNum": 1,
            "isHaveShadow": false,
            "isPjtSingle": true,

            "subspecs": [
                {
                    "type": "batch",
                    "animLabel": "MapEnt_3m3",
                    "fstSubIdx": 0,
                    "fstIdx": 0,
                    "idxNums": 1,
                    "actionEName": "Idle", "dir": "Center", "brokenLvl": 0,
                    "isOpaque": true
                }
            ]
        },

        {
            "path": "red/4m4.P.png",
            "frameNum.col":  1,
            "frameNum.row":  1,
            "totalFrameNum": 1,
            "isHaveShadow": false,
            "isPjtSingle": true,

            "subspecs": [
                {
                    "type": "batch",
                    "animLabel": "MapEnt_4m4",
                    "fstSubIdx": 0,
                    "fstIdx": 0,
                    "idxNums": 1,
                    "actionEName": "Idle", "dir": "Center", "brokenLvl": 0,
                    "isOpaque": true
                }
            ]
        }

    ]
},

{
    "afsName": "floorGo_blue",
    "pngs": [
        {
            "path": "blue/2m2.P.png",
            "frameNum.col":  1,
            "frameNum.row":  1,
            "totalFrameNum": 1,
            "isHaveShadow": false,
            "isPjtSingle": true,
  
            "subspecs": [
                {
                    "type": "batch",
                    "animLabel": "MapEnt_2m2",
                    "fstSubIdx": 0,
                    "fstIdx": 0,
                    "idxNums": 1,
                    "actionEName": "Idle", "dir": "Center", "brokenLvl": 0,
                    "isOpaque": true
                }
            ]
        },
        
        {
            "path": "blue/3m3.P.png",
            "frameNum.col":  1,
            "frameNum.row":  1,
            "totalFrameNum": 1,
            "isHaveShadow": false,
            "isPjtSingle": true,

            "subspecs": [
                {
                    "type": "batch",
                    "animLabel": "MapEnt_3m3",
                    "fstSubIdx": 0,
                    "fstIdx": 0,
                    "idxNums": 1,
                    "actionEName": "Idle", "dir": "Center", "brokenLvl": 0,
                    "isOpaque": true
                }
            ]
        },

        {
            "path": "blue/4m4.P.png",
            "frameNum.col":  1,
            "frameNum.row":  1,
            "totalFrameNum": 1,
            "isHaveShadow": false,
            "isPjtSingle": true,

            "subspecs": [
                {
                    "type": "batch",
                    "animLabel": "MapEnt_4m4",
                    "fstSubIdx": 0,
                    "fstIdx": 0,
                    "idxNums": 1,
                    "actionEName": "Idle", "dir": "Center", "brokenLvl": 0,
                    "isOpaque": true
                }
            ]
        }

    ]
}


]
