[

    {
        "goSpeciesName": "grass",

        "renderLayerType": "MajorGoes",
        "shaderType": "OriginColor",
        
        "plans":[
            {
                "goLabel.hold": "goLabel_1",
                "collide.hold": "C_1",
                "goMeshs":[
                    {  "dpos": [0,  0], "zOff": 0.0, "afsName.hold": "afs_1", "animLabel": "Mid"  }
                ]
            },


            {
                "goLabel.hold": "goLabel_1",
                "collide.hold": "C_1",
                "goMeshs":[
                    {  "dpos": [0, 0], "zOff": 0.0, "afsName.hold": "afs_1", "animLabel": "Sml"  }
                ]
            },
            

            {
                "goLabel.hold": "goLabel_2",
                "collide.hold": "C_1",
                "goMeshs":[
                    {  "dpos": [4, -10], "zOff": 0.0, "afsName.hold": "afs_1", "animLabel": "Sml"  },
                    {  "dpos": [-3, 7], "zOff": 0.0, "afsName.hold": "afs_1", "animLabel": "Sml"  }
                ]
            },


            {
                "goLabel.hold": "goLabel_2",
                "collide.hold": "C_1",
                "goMeshs":[
                    {  "dpos": [0, 13], "zOff": 0.0, "afsName.hold": "afs_1", "animLabel": "Mid"  },
                    {  "dpos": [0, -7], "zOff": 0.0, "afsName.hold": "afs_1", "animLabel": "Sml"  }
                ]
            },

            
            {
                "goLabel.hold": "goLabel_3",
                "collide.hold": "C_1",
                "goMeshs":[
                    {  "dpos": [0,  0], "zOff": 0.0, "afsName.hold": "afs_1", "animLabel": "Mid"  },
                    {  "dpos": [10, 20], "zOff": 0.0, "afsName.hold": "afs_1", "animLabel": "Sml"  },
                    {  "dpos": [-5, -13], "zOff": 0.0, "afsName.hold": "afs_1", "animLabel": "Sml"  }
                ]
            }
            
        ],

        "holds":[
            
            {
                "afsName.holds":{
                    "afs_1": "grass_darkForest_1"
                },
                
                "collide.holds":{
                    "C_1":{
                        "collideType": "Square",
                        "signInMapEnts_square_type": "T_1m1"
                    }
                },

                "goLabel.holds":{
                    "goLabel_1": "DarkForest_Grass1_Sml",
                    "goLabel_2": "DarkForest_Grass1_Mid",
                    "goLabel_3": "DarkForest_Grass1_Big"
                }
            }



        ]

    }

]

