[
  {
    "goSpeciesName": "grass",
    "family": "Major",
    "state": "Waked",
    "moveState": "AbsFixed",
    "isMoveCollide": true,
    "isDoPass": false,
    "isBePass": true,

    "alti": 0,
    "lAltiRanges": [
        { "label": "", "val": [0.0, 40.0] }
    ],

    "weight": 5,
    "pub.HP": 100,
    "pub.MP": 10,


    "afs_lPaths": [ 
    
        "/darkForest/_grass1.afs.json",

        "/desert/_grass1.afs.json",
        "/savannah/_grass1.afs.json",


        "/_regulars/flower_black/_afs.json",
        "/_regulars/flower_highWhite/_afs.json",
        "/_regulars/flower_white/_afs.json",

        "/_regulars/shamrock_white/_afs.json",
        "/_regulars/shamrock_green/_afs.json",

        "/_regulars/triFlower_grey/_afs.json"


    ],
    "goAsm_lPaths": [

        "darkForest/_grass.asm.json",

        "desert/_grass.asm.json",
        "savannah/_grass.asm.json",


        "/_regulars/flower_black/_asm.json",
        "/_regulars/flower_highWhite/_asm.json",
        "/_regulars/flower_white/_asm.json",

        "/_regulars/shamrock_white/_asm.json",
        "/_regulars/shamrock_green/_asm.json",

        "/_regulars/triFlower_grey/_asm.json"

    ]


  }
]