[
    {
        "afsName": "pineTree",
        "pngs": [
            {
                "path": "pineTree_sml.P.png",
                "frameNum.col":  4,
                "frameNum.row":  1,
                "totalFrameNum": 4,
                "isHaveShadow": true,
                "isPjtSingle": true,
                "isShadowSingle": false,
        
                "subspecs": [
                    {
                        "type": "batch",
                        "animLabel": "Sml",
                        "fstSubIdx": 0,
                        "fstIdx": 0,
                        "idxNums": 4,
                        "actionEName": "Idle", "dir": "Center", "brokenLvl": 0,
                        "isOpaque": true
                    }
                ]
            },
    
            {
                "path": "pineTree_mid.P.png",
                "frameNum.col":  3,
                "frameNum.row":  2,
                "totalFrameNum": 5,
                "isHaveShadow": true,
                "isPjtSingle": true,
                "isShadowSingle": false,
          
                "subspecs": [
                    {
                        "type": "batch",
                        "animLabel": "Mid",
                        "fstSubIdx": 0,
                        "fstIdx": 0,
                        "idxNums": 5,
                        "actionEName": "Idle", "dir": "Center", "brokenLvl": 0,
                        "isOpaque": true
                    }
                ]
            },
     
            {
                "path": "pineTree_dead.P.png",
                "frameNum.col":  1,
                "frameNum.row":  1,
                "totalFrameNum": 1,
                "isHaveShadow": true,
                "isPjtSingle": true,
                "isShadowSingle": false,
        
                "subspecs": [
                    {
                        "type": "batch",
                        "animLabel": "Dead",
                        "fstSubIdx": 0,
                        "fstIdx": 0,
                        "idxNums": 1,
                        "actionEName": "Idle", "dir": "Center", "brokenLvl": 0,
                        "isOpaque": true
                    }
                ]
            }
        ]
    }
]