[
{
    "Notes": "石墙 4m1, 稍微带苔藓",

    "plotName": "whiteRockWall",
    "plotLabel": "4m1",

    "pngLPath": "rockWall_4m1.M.png",
    "frameNum.col":  2,
    "frameNum.row":  4,
    "totalFrameNum": 8,

    "varTypes":[
        {
            "type": "V_1",
            "isAllInstanceUseSamePlan": false,
            "goSpecPool":[
                { "goSpeciesName": "rock", "goLabel":"Big_Light_Bald", "num": 1 }
            ]
        },
        {
            "type": "V_2",
            "isAllInstanceUseSamePlan": false,
            "goSpecPool":[
                { "goSpeciesName": "rock", "goLabel":"Big_Light_Lichen", "num": 1 }
            ]
        }
        
    ]
}



]
