[
{
    "afsName": "floorGo_darkForest_1",
    "pngs": [
        {
            "path": "2m2.P.png",
            "frameNum.col":  3,
            "frameNum.row":  2,
            "totalFrameNum": 6,
            "isHaveShadow": false,
            "isPjtSingle": true,
 
            "subspecs": [
                {
                    "type": "batch",
                    "animLabel": "MapEnt_2m2",
                    "fstSubIdx": 0,
                    "fstIdx": 0,
                    "idxNums": 6,
                    "actionEName": "Idle", "dir": "Center", "brokenLvl": 0,
                    "isOpaque": true
                }
            ]
        },
        
        {
            "path": "3m3.P.png",
            "frameNum.col":  3,
            "frameNum.row":  2,
            "totalFrameNum": 6,
            "isHaveShadow": false,
            "isPjtSingle": true,

            "subspecs": [
                {
                    "type": "batch",
                    "animLabel": "MapEnt_3m3",
                    "fstSubIdx": 0,
                    "fstIdx": 0,
                    "idxNums": 6,
                    "actionEName": "Idle", "dir": "Center", "brokenLvl": 0,
                    "isOpaque": true
                }
            ]
        },

        {
            "path": "4m4.P.png",
            "frameNum.col":  3,
            "frameNum.row":  2,
            "totalFrameNum": 5,
            "isHaveShadow": false,
            "isPjtSingle": true,

            "subspecs": [
                {
                    "type": "batch",
                    "animLabel": "MapEnt_4m4",
                    "fstSubIdx": 0,
                    "fstIdx": 0,
                    "idxNums": 5,
                    "actionEName": "Idle", "dir": "Center", "brokenLvl": 0,
                    "isOpaque": true
                }
            ]
        }

    ]
}



]
