[
    {
        "goSpeciesName": "bioSoup",
        "without_holds": true,

        "renderLayerType": "BioSoup",
        "shaderType": "BioSoupBase",


        
        "plans":[
            {
                "goLabel": "MapEnt_1m1",
                "collide":{
                    "collideType": "Square",
                    "signInMapEnts_square_type": "T_1m1"
                },
                "goMeshs":[
                    { "afsName": "bioSoup_active_1", "animLabel": "MapEnt_1m1_1"  }
                ]
            },
            {
                "goLabel": "MapEnt_1m1",
                "collide":{
                    "collideType": "Square",
                    "signInMapEnts_square_type": "T_1m1"
                },
                "goMeshs":[
                    { "afsName": "bioSoup_active_1", "animLabel": "MapEnt_1m1_2"  }
                ]
            },
            {
                "goLabel": "MapEnt_1m1",
                "collide":{
                    "collideType": "Square",
                    "signInMapEnts_square_type": "T_1m1"
                },
                "goMeshs":[
                    { "afsName": "bioSoup_active_1", "animLabel": "MapEnt_1m1_3"  }
                ]
            },




            {
                "goLabel": "MapEnt_2m2",
                "collide":{
                    "collideType": "Square",
                    "signInMapEnts_square_type": "T_2m2"
                },
                "goMeshs":[
                    { "afsName": "bioSoup_active_1", "animLabel": "MapEnt_2m2_1"  }
                ]
            },
            {
                "goLabel": "MapEnt_2m2",
                "collide":{
                    "collideType": "Square",
                    "signInMapEnts_square_type": "T_2m2"
                },
                "goMeshs":[
                    { "afsName": "bioSoup_active_1", "animLabel": "MapEnt_2m2_2"  }
                ]
            },
            {
                "goLabel": "MapEnt_2m2",
                "collide":{
                    "collideType": "Square",
                    "signInMapEnts_square_type": "T_2m2"
                },
                "goMeshs":[
                    { "afsName": "bioSoup_active_1", "animLabel": "MapEnt_2m2_3"  }
                ]
            },

            



            {
                "goLabel": "MapEnt_4m4",
                "collide":{
                    "collideType": "Square",
                    "signInMapEnts_square_type": "T_4m4"
                },
                "Notes": " 单个 gomesh ",
                "goMeshs":[
                    { "afsName": "bioSoup_active_1", "animLabel": "MapEnt_4m4_1"  }
                ]
            },
            {
                "goLabel": "MapEnt_4m4",
                "collide":{
                    "collideType": "Square",
                    "signInMapEnts_square_type": "T_4m4"
                },
                "Notes": " 单个 gomesh ",
                "goMeshs":[
                    { "afsName": "bioSoup_active_1", "animLabel": "MapEnt_4m4_2"  }
                ]
            },
            {
                "goLabel": "MapEnt_4m4",
                "collide":{
                    "collideType": "Square",
                    "signInMapEnts_square_type": "T_4m4"
                },
                "Notes": " 单个 gomesh ",
                "goMeshs":[
                    { "afsName": "bioSoup_active_1", "animLabel": "MapEnt_4m4_3"  }
                ]
            }
            

        ]
    }
]

