[
    {
        "goSpeciesName": "chicken",
        "without_holds": true,

        "renderLayerType": "MajorGoes",
        "shaderType": "OriginColor",

        "plans":[
            {
                "goLabel": "Hen",
                "collide":{
                    "collideType": "Circular",
                    "moveColliRadius": 15.0,
                    "skillColliRadius": 22.0
                },
                "goMeshs":[
                    { "afsName": "chicken.hen", "animLabel": ""  }
                ]
            }
        ]
    }
]

