[
{
    "afsName": "chicken.hen",
    "pngs": [
        {
            "path": "hen_walk2.P.png",
            "frameNum.col":  16,
            "frameNum.row":  8,
            "totalFrameNum": 128,
            "isHaveShadow": true,
            "isPjtSingle": true,
            "isShadowSingle": false,
            "subspecs": [
                {
                    "type": "handle",
                    "animLabel": "",
                    "subIdx": 0,
                    "AnimActionParams":[
                        { "actionEName": "Idle", "dir": "L", "brokenLvl": 0, "type": "singleFrame", "lFrameIdx": 0, "isOpaque": true },
                        { "actionEName": "Idle", "dir": "LT", "brokenLvl": 0, "type": "singleFrame", "lFrameIdx": 16, "isOpaque": true },
                        { "actionEName": "Idle", "dir": "T", "brokenLvl": 0, "type": "singleFrame", "lFrameIdx": 32, "isOpaque": true },
                        { "actionEName": "Idle", "dir": "RT", "brokenLvl": 0, "type": "singleFrame", "lFrameIdx": 48, "isOpaque": true },
                        { "actionEName": "Idle", "dir": "R", "brokenLvl": 0, "type": "singleFrame", "lFrameIdx": 64, "isOpaque": true },
                        { "actionEName": "Idle", "dir": "RB", "brokenLvl": 0, "type": "singleFrame", "lFrameIdx": 80, "isOpaque": true },
                        { "actionEName": "Idle", "dir": "B", "brokenLvl": 0, "type": "singleFrame", "lFrameIdx": 96, "isOpaque": true },
                        { "actionEName": "Idle", "dir": "LB", "brokenLvl": 0, "type": "singleFrame", "lFrameIdx": 112, "isOpaque": true },

                        {
                            "actionEName": "Walk", "dir": "L", "brokenLvl": 0,
                            "type": "multiFrame",
                            "actionPlayType": "Cycle",
                            "isOrder":    true,
                            "isTimeStepSame": true, "timeStep"  : 1,
                            "isSeries": true, "fstFrameIdx" : 0, "frameNums" : 16,
                            "isOpaque": true
                        },
                        {
                            "actionEName": "Walk", "dir": "LT", "brokenLvl": 0,
                            "type": "multiFrame",
                            "actionPlayType": "Cycle",
                            "isOrder":    true,
                            "isTimeStepSame": true, "timeStep"  : 1,
                            "isSeries": true, "fstFrameIdx" : 16, "frameNums" : 16,
                            "isOpaque": true
                        },
                        {
                            "actionEName": "Walk", "dir": "T", "brokenLvl": 0,
                            "type": "multiFrame",
                            "actionPlayType": "Cycle",
                            "isOrder":    true,
                            "isTimeStepSame": true, "timeStep"  : 1,
                            "isSeries": true, "fstFrameIdx" : 32, "frameNums" : 16,
                            "isOpaque": true
                        },
                        {
                            "actionEName": "Walk", "dir": "RT", "brokenLvl": 0,
                            "type": "multiFrame",
                            "actionPlayType": "Cycle",
                            "isOrder":    true,
                            "isTimeStepSame": true, "timeStep"  : 1,
                            "isSeries": true, "fstFrameIdx" : 48, "frameNums" : 16,
                            "isOpaque": true
                        },
                        {
                            "actionEName": "Walk", "dir": "R", "brokenLvl": 0,
                            "type": "multiFrame",
                            "actionPlayType": "Cycle",
                            "isOrder":    true,
                            "isTimeStepSame": true, "timeStep"  : 1,
                            "isSeries": true, "fstFrameIdx" : 64, "frameNums" : 16,
                            "isOpaque": true
                        },
                        {
                            "actionEName": "Walk", "dir": "RB", "brokenLvl": 0,
                            "type": "multiFrame",
                            "actionPlayType": "Cycle",
                            "isOrder":    true,
                            "isTimeStepSame": true, "timeStep"  : 1,
                            "isSeries": true, "fstFrameIdx" : 80, "frameNums" : 16,
                            "isOpaque": true
                        },
                        {
                            "actionEName": "Walk", "dir": "B", "brokenLvl": 0,
                            "type": "multiFrame",
                            "actionPlayType": "Cycle",
                            "isOrder":    true,
                            "isTimeStepSame": true, "timeStep"  : 1,
                            "isSeries": true, "fstFrameIdx" : 96, "frameNums" : 16,
                            "isOpaque": true
                        },
                        {
                            "actionEName": "Walk", "dir": "LB", "brokenLvl": 0,
                            "type": "multiFrame",
                            "actionPlayType": "Cycle",
                            "isOrder":    true,
                            "isTimeStepSame": true, "timeStep"  : 1,
                            "isSeries": true, "fstFrameIdx" : 112, "frameNums" : 16,
                            "isOpaque": true
                        }
                    ]
                }
            ]
        },

        {
            "path": "hen_run2.P.png",
            "frameNum.col":  16,
            "frameNum.row":  8,
            "totalFrameNum": 128,
            "isHaveShadow": true,
            "isPjtSingle": true,
            "isShadowSingle": false,
            "subspecs": [
                {
                    "type": "handle",
                    "animLabel": "",
                    "subIdx": 0,
                    "AnimActionParams":[
                        {
                            "actionEName": "Run", "dir": "L", "brokenLvl": 0,
                            "type": "multiFrame",
                            "actionPlayType": "Cycle",
                            "isOrder":    true,
                            "isTimeStepSame": true, "timeStep"  : 1,
                            "isSeries": true, "fstFrameIdx" : 0, "frameNums" : 16,
                            "isOpaque": true
                        },
                        {
                            "actionEName": "Run", "dir": "LT", "brokenLvl": 0,
                            "type": "multiFrame",
                            "actionPlayType": "Cycle",
                            "isOrder":    true,
                            "isTimeStepSame": true, "timeStep"  : 1,
                            "isSeries": true, "fstFrameIdx" : 16, "frameNums" : 16,
                            "isOpaque": true
                        },
                        {
                            "actionEName": "Run", "dir": "T", "brokenLvl": 0,
                            "type": "multiFrame",
                            "actionPlayType": "Cycle",
                            "isOrder":    true,
                            "isTimeStepSame": true, "timeStep"  : 1,
                            "isSeries": true, "fstFrameIdx" : 32, "frameNums" : 16,
                            "isOpaque": true
                        },
                        {
                            "actionEName": "Run", "dir": "RT", "brokenLvl": 0,
                            "type": "multiFrame",
                            "actionPlayType": "Cycle",
                            "isOrder":    true,
                            "isTimeStepSame": true, "timeStep"  : 1,
                            "isSeries": true, "fstFrameIdx" : 48, "frameNums" : 16,
                            "isOpaque": true
                        },
                        {
                            "actionEName": "Run", "dir": "R", "brokenLvl": 0,
                            "type": "multiFrame",
                            "actionPlayType": "Cycle",
                            "isOrder":    true,
                            "isTimeStepSame": true, "timeStep"  : 1,
                            "isSeries": true, "fstFrameIdx" : 64, "frameNums" : 16,
                            "isOpaque": true
                        },
                        {
                            "actionEName": "Run", "dir": "RB", "brokenLvl": 0,
                            "type": "multiFrame",
                            "actionPlayType": "Cycle",
                            "isOrder":    true,
                            "isTimeStepSame": true, "timeStep"  : 1,
                            "isSeries": true, "fstFrameIdx" : 80, "frameNums" : 16,
                            "isOpaque": true
                        },
                        {
                            "actionEName": "Run", "dir": "B", "brokenLvl": 0,
                            "type": "multiFrame",
                            "actionPlayType": "Cycle",
                            "isOrder":    true,
                            "isTimeStepSame": true, "timeStep"  : 1,
                            "isSeries": true, "fstFrameIdx" : 96, "frameNums" : 16,
                            "isOpaque": true
                        },
                        {
                            "actionEName": "Run", "dir": "LB", "brokenLvl": 0,
                            "type": "multiFrame",
                            "actionPlayType": "Cycle",
                            "isOrder":    true,
                            "isTimeStepSame": true, "timeStep"  : 1,
                            "isSeries": true, "fstFrameIdx" : 112, "frameNums" : 16,
                            "isOpaque": true
                        }
                    ]
                }
            ]
        },

        {
            "path": "hen_2_fly3.P.png",
            "frameNum.col":  10,
            "frameNum.row":  8,
            "totalFrameNum": 80,
            "isHaveShadow": true,
            "isPjtSingle": true,
            "isShadowSingle": false,
            "subspecs": [
                {
                    "type": "handle",
                    "animLabel": "",
                    "subIdx": 0,
                    "AnimActionParams":[
                        {
                            "actionEName": "Fly", "dir": "L", "brokenLvl": 0,
                            "type": "multiFrame",
                            "actionPlayType": "Cycle",
                            "isOrder":    true,
                            "isTimeStepSame": true, "timeStep"  : 1,
                            "isSeries": true, "fstFrameIdx" : 0, "frameNums" : 10,
                            "isOpaque": true
                        },
                        {
                            "actionEName": "Fly", "dir": "LT", "brokenLvl": 0,
                            "type": "multiFrame",
                            "actionPlayType": "Cycle",
                            "isOrder":    true,
                            "isTimeStepSame": true, "timeStep"  : 1,
                            "isSeries": true, "fstFrameIdx" : 10, "frameNums" : 10,
                            "isOpaque": true
                        },
                        {
                            "actionEName": "Fly", "dir": "T", "brokenLvl": 0,
                            "type": "multiFrame",
                            "actionPlayType": "Cycle",
                            "isOrder":    true,
                            "isTimeStepSame": true, "timeStep"  : 1,
                            "isSeries": true, "fstFrameIdx" : 20, "frameNums" : 10,
                            "isOpaque": true
                        },
                        {
                            "actionEName": "Fly", "dir": "RT", "brokenLvl": 0,
                            "type": "multiFrame",
                            "actionPlayType": "Cycle",
                            "isOrder":    true,
                            "isTimeStepSame": true, "timeStep"  : 1,
                            "isSeries": true, "fstFrameIdx" : 30, "frameNums" : 10,
                            "isOpaque": true
                        },
                        {
                            "actionEName": "Fly", "dir": "R", "brokenLvl": 0,
                            "type": "multiFrame",
                            "actionPlayType": "Cycle",
                            "isOrder":    true,
                            "isTimeStepSame": true, "timeStep"  : 1,
                            "isSeries": true, "fstFrameIdx" : 40, "frameNums" : 10,
                            "isOpaque": true
                        },
                        {
                            "actionEName": "Fly", "dir": "RB", "brokenLvl": 0,
                            "type": "multiFrame",
                            "actionPlayType": "Cycle",
                            "isOrder":    true,
                            "isTimeStepSame": true, "timeStep"  : 1,
                            "isSeries": true, "fstFrameIdx" : 50, "frameNums" : 10,
                            "isOpaque": true
                        },
                        {
                            "actionEName": "Fly", "dir": "B", "brokenLvl": 0,
                            "type": "multiFrame",
                            "actionPlayType": "Cycle",
                            "isOrder":    true,
                            "isTimeStepSame": true, "timeStep"  : 1,
                            "isSeries": true, "fstFrameIdx" : 60, "frameNums" : 10,
                            "isOpaque": true
                        },
                        {
                            "actionEName": "Fly", "dir": "LB", "brokenLvl": 0,
                            "type": "multiFrame",
                            "actionPlayType": "Cycle",
                            "isOrder":    true,
                            "isTimeStepSame": true, "timeStep"  : 1,
                            "isSeries": true, "fstFrameIdx" : 70, "frameNums" : 10,
                            "isOpaque": true
                        }
                    ]
                }
            ]
        }




    ]
}
]
