[
{
    "Notes": "2m2 尺寸的 mushroom",

    "plotName": "mushroom",
    "plotLabel": "2m2",

    "pngLPath": "mushroom_2m2.M.png",
    "frameNum.col":  7,
    "frameNum.row":  4,
    "totalFrameNum": 28,

    "varTypes":[
        {
            "type": "V_1",
            "isAllInstanceUseSamePlan": false,
            "goSpecPool":[
                { "goSpeciesName": "mushroom", "goLabel":"Sml", "num": 3 }
            ]
        },

        {
            "type": "V_2",
            "isAllInstanceUseSamePlan": false,
            "goSpecPool":[
                { "goSpeciesName": "mushroom", "goLabel":"Mid", "num": 3  }
            ]
        },

        {
            "type": "V_3",
            "isAllInstanceUseSamePlan": false,
            "goSpecPool":[
                { "goSpeciesName": "mushroom", "goLabel":"SingleBig", "num": 3  }
            ]
        }
    ]
}

]
