[
    {
        "goSpeciesName": "figTree",
        "without_holds": true,

        "renderLayerType": "MajorGoes",
        "shaderType": "OriginColor",
        
        "plans":[
            {
                "goLabel": "Mid",
                "goAltiRangeLabel": "Mid",
                "collide":{
                    "collideType": "Circular",
                    "moveColliRadius": 48.0,
                    "skillColliRadius": 63.0
                },
                "goMeshs":[
                    { "afsName": "figTree", "animLabel": "Mid"  }
                ]
            }
        ]
    }
]

