[
{
    "afsName": "breakStone",
    "pngs": [
        {
            "path": "breakStone_1.P.png",
            "frameNum.col":  4,
            "frameNum.row":  3,
            "totalFrameNum": 12,
            "isHaveShadow": true,
            "isPjtSingle": true,
            "isShadowSingle": false,
            "subspecs": [
                {
                    "type": "batch",
                    "animLabel": "Light",
                    "fstSubIdx": 0,
                    "fstIdx": 0,
                    "idxNums": 12,
                    "actionEName": "Idle", "dir": "Center", "brokenLvl": 0,
                    "isOpaque": true
                }

            ]
        }
        
    ]
}
]

