[
    {
        "goSpeciesName": "breakStone",
        "without_holds": true,

        "renderLayerType": "MajorGoes",
        "shaderType": "OriginColor",

        "plans":[
            {
                "goLabel": "Light",

                "collide":{
                    "collideType": "Square",
                    "signInMapEnts_square_type": "T_1m1"
                },
                
                "goMeshs":[
                    { "afsName": "breakStone", "animLabel": "Light"  }
                ]
            }
        ]
    }
]

