[
{
    "Notes": "nature regular 碎石堆，点缀小花",

    "yardName": "N_breakStones",
    

    "pngLPath": "N_breakStones.M.png",
    "frameNum.col":  5,
    "frameNum.row":  3,
    "totalFrameNum": 15,

    "isHaveMajorGos": true,
    "isHaveFloorGos": false,


    "yardObjs":[
        {
            "yardLabel": "Desert",
            "dir": "Center",
            "isAllFramesInclude": true,

            "varTypes":[
                {
                    "Notes": " 白色巨石 ",
                    "type": "V_7",
                    "isFloorGo": false,
                    "isAllInstanceUseSamePlan": false,
                    "goSpecPool":[
                        { "goSpeciesName": "rock", "goLabel":"Big_Light_Bald", "num": 9 },
                        { "goSpeciesName": "rock", "goLabel":"Big_Light_Lichen", "num": 3 }
                    ]
                },
        
                {
                    "Notes": " 碎石 ",
                    "type": "V_1",
                    "isFloorGo": false,
                    "isAllInstanceUseSamePlan": false,
                    "goSpecPool":[
                        { "goSpeciesName": "breakStone", "goLabel": "Light", "num": 3 }
                    ]
                },
        
                {
                    "Notes": " grass ",
                    "type": "V_10",
                    "isFloorGo": false,
                    "isAllInstanceUseSamePlan": false,
                    "goSpecPool":[
        
                        { "goSpeciesName": "grass", "goLabel":"Flower_White_Big", "num": 1 },
                        { "goSpeciesName": "grass", "goLabel":"Flower_White_Mid", "num": 3 },
                        { "goSpeciesName": "grass", "goLabel":"Flower_White_Sml", "num": 1 }
        
        
                    ]
                },
        
                {
                    "Notes": " grass / bush 2 ",
                    "type": "V_13",
                    "isFloorGo": false,
                    "isAllInstanceUseSamePlan": false,
                    "goSpecPool":[
                        
                        { "goSpeciesName": "bush", "goLabel":"Origin", "num": 5 }
        
            
                    ]
                }
        
            ]

        }
    ]

    
}




]
