[
    {
        "goSpeciesName": "glassBottle",
        "without_holds": true,

        "renderLayerType": "MajorGoes",
        "shaderType": "OriginColor",

        "plans":[
            {
                "goLabel": "HasWater",

                "collide":{
                    "collideType": "Square",
                    "signInMapEnts_square_type": "T_1m1"
                },

                
                "goMeshs":[
                    { "goMeshName": "root", "zOff":  0.0, "afsName": "glassBottle_bottle", "animLabel": ""  },
                    { "goMeshName": "water", "zOff": -1.0, "afsName": "glassBottle_water", "animLabel": ""  },
                    { "goMeshName": "innSpace", "zOff": -2.0, "afsName": "glassBottle_innSpace", "animLabel": ""  }
                ]
            }
        ]
    }
]

