[
    {
        "goSpeciesName": "floorGo",
        "without_holds": true,

        "renderLayerType": "Floor",
        "shaderType": "OriginColor",

        "opt.floorGoLayer": "L_1",
        
        "plans":[
            {
                "goLabel": "WoodFloor_Dark_2m2",
                "collide":{ "collideType": "Nil" },
                "goMeshs":[
                    { "afsName": "floorGo_woodFloor_dark", "animLabel": "MapEnt_2m2"  }
                ]
            },
            {
                "goLabel": "WoodFloor_Dark_3m3",
                "collide":{ "collideType": "Nil" },
                "goMeshs":[
                    { "afsName": "floorGo_woodFloor_dark", "animLabel": "MapEnt_3m3"  }
                ]
            },
            {
                "goLabel": "WoodFloor_Dark_4m4",
                "collide":{ "collideType": "Nil" },
                "goMeshs":[
                    { "afsName": "floorGo_woodFloor_dark", "animLabel": "MapEnt_4m4"  }
                ]
            }
        ]
    }
]

