[
{
    "Notes": " nature floorGo 专用 ",

    "yardName": "N_floorGo_LineTest",

    "pngLPath": "natureFloorGo_B.M.png",
    "frameNum.col":  6,
    "frameNum.row":  4,
    "totalFrameNum": 24,

    "isHaveMajorGos": false,
    "isHaveFloorGos": true,

    "yardObjs":[
        {
            "yardLabel": "colorful",
            "dir": "Center",
            "isAllFramesInclude": true,

            "varTypes":[
                {
                    "Notes": " 4m4 floorGo ",
                    "type": "V_30",
                    "isFloorGo": true,
                    "FloorGoSize": "MapEnt_4m4",
                    "isAllInstanceUseSamePlan": false,
                    "goSpecPool":[
                        { "goSpeciesName": "floorGo", "goLabel": "Colorful_4m4", "num": 3 }
                    ]
                },
        
                {
                    "Notes": " 3m3 floorGo ",
                    "type": "V_29",
                    "isFloorGo": true,
                    "FloorGoSize": "MapEnt_3m3",
                    "isAllInstanceUseSamePlan": false,
                    "goSpecPool":[
                        { "goSpeciesName": "floorGo", "goLabel": "Colorful_3m3", "num": 3 }
                    ]
                },
        
                {
                    "Notes": " 2m2 floorGo ",
                    "type": "V_28",
                    "isFloorGo": true,
                    "FloorGoSize": "MapEnt_2m2",
                    "isAllInstanceUseSamePlan": false,
                    "goSpecPool":[
                        { "goSpeciesName": "floorGo", "goLabel": "Colorful_2m2", "num": 3 }
                    ]
                }
            ]

        }
    ]    
},


{
    "Notes": " nature floorGo 专用 ",

    "yardName": "N_floorGo_LineTest",

    "pngLPath": "natureFloorGo_B.M.png",
    "frameNum.col":  6,
    "frameNum.row":  4,
    "totalFrameNum": 24,

    "isHaveMajorGos": false,
    "isHaveFloorGos": true,

    "yardObjs":[
        {
            "yardLabel": "red",
            "dir": "Center",
            "isAllFramesInclude": true,
            
            "varTypes":[
                {
                    "Notes": " 4m4 floorGo ",
                    "type": "V_30",
                    "isFloorGo": true,
                    "FloorGoSize": "MapEnt_4m4",
                    "isAllInstanceUseSamePlan": false,
                    "goSpecPool":[
                        { "goSpeciesName": "floorGo", "goLabel": "Red_4m4", "num": 3 }
                    ]
                },
        
                {
                    "Notes": " 3m3 floorGo ",
                    "type": "V_29",
                    "isFloorGo": true,
                    "FloorGoSize": "MapEnt_3m3",
                    "isAllInstanceUseSamePlan": false,
                    "goSpecPool":[
                        { "goSpeciesName": "floorGo", "goLabel": "Red_3m3", "num": 3 }
                    ]
                },
        
                {
                    "Notes": " 2m2 floorGo ",
                    "type": "V_28",
                    "isFloorGo": true,
                    "FloorGoSize": "MapEnt_2m2",
                    "isAllInstanceUseSamePlan": false,
                    "goSpecPool":[
                        { "goSpeciesName": "floorGo", "goLabel": "Red_2m2", "num": 3 }
                    ]
                }
            ]

        }
    ]

},


{
    "Notes": " nature floorGo 专用 ",

    "yardName": "N_floorGo_LineTest",
   

    "pngLPath": "natureFloorGo_B.M.png",
    "frameNum.col":  6,
    "frameNum.row":  4,
    "totalFrameNum": 24,

    "isHaveMajorGos": false,
    "isHaveFloorGos": true,

    "yardObjs":[
        {
            "yardLabel": "blue",
            "dir": "Center",
            "isAllFramesInclude": true,

            "varTypes":[
                {
                    "Notes": " 4m4 floorGo ",
                    "type": "V_30",
                    "isFloorGo": true,
                    "FloorGoSize": "MapEnt_4m4",
                    "isAllInstanceUseSamePlan": false,
                    "goSpecPool":[
                        { "goSpeciesName": "floorGo", "goLabel": "Blue_4m4", "num": 3 }
                    ]
                },
        
                {
                    "Notes": " 3m3 floorGo ",
                    "type": "V_29",
                    "isFloorGo": true,
                    "FloorGoSize": "MapEnt_3m3",
                    "isAllInstanceUseSamePlan": false,
                    "goSpecPool":[
                        { "goSpeciesName": "floorGo", "goLabel": "Blue_3m3", "num": 3 }
                    ]
                },
        
                {
                    "Notes": " 2m2 floorGo ",
                    "type": "V_28",
                    "isFloorGo": true,
                    "FloorGoSize": "MapEnt_2m2",
                    "isAllInstanceUseSamePlan": false,
                    "goSpecPool":[
                        { "goSpeciesName": "floorGo", "goLabel": "Blue_2m2", "num": 3 }
                    ]
                }
            ]

        }
    ]

},


{
    "Notes": " 黑森林 地面材质 ",

    "yardName": "N_floorGo",
    

    "pngLPath": "natureFloorGo_B.M.png",
    "frameNum.col":  6,
    "frameNum.row":  4,
    "totalFrameNum": 24,

    "isHaveMajorGos": false,
    "isHaveFloorGos": true,

    "yardObjs":[
        {
            "yardLabel": "DarkForest",
            "dir": "Center",
            "isAllFramesInclude": true,

            "varTypes":[
                {
                    "Notes": " 4m4 floorGo ",
                    "type": "V_30",
                    "isFloorGo": true,
                    "FloorGoSize": "MapEnt_4m4",
                    "isAllInstanceUseSamePlan": false,
                    "goSpecPool":[
                        { "goSpeciesName": "floorGo", "goLabel": "DarkForest_1_4m4", "num": 1 }
                    ]
                },
        
                {
                    "Notes": " 3m3 floorGo ",
                    "type": "V_29",
                    "isFloorGo": true,
                    "FloorGoSize": "MapEnt_3m3",
                    "isAllInstanceUseSamePlan": false,
                    "goSpecPool":[
                        { "goSpeciesName": "floorGo", "goLabel": "DarkForest_1_3m3", "num": 1 }
                    ]
                },
        
                {
                    "Notes": " 2m2 floorGo ",
                    "type": "V_28",
                    "isFloorGo": true,
                    "FloorGoSize": "MapEnt_2m2",
                    "isAllInstanceUseSamePlan": false,
                    "goSpecPool":[
                        { "goSpeciesName": "floorGo", "goLabel": "DarkForest_1_2m2", "num": 1 }
                    ]
                }
            ]

        }
    ]
},


{
    "Notes": " 沙漠 地面材质 ",

    "yardName": "N_floorGo",
    

    "pngLPath": "natureFloorGo_B.M.png",
    "frameNum.col":  6,
    "frameNum.row":  4,
    "totalFrameNum": 24,

    "isHaveMajorGos": false,
    "isHaveFloorGos": true,

    "yardObjs":[
        {
            "yardLabel": "Desert",
            "dir": "Center",
            "isAllFramesInclude": true,

            "varTypes":[
                {
                    "Notes": " 4m4 floorGo ",
                    "type": "V_30",
                    "isFloorGo": true,
                    "FloorGoSize": "MapEnt_4m4",
                    "isAllInstanceUseSamePlan": false,
                    "goSpecPool":[
                        { "goSpeciesName": "floorGo", "goLabel": "Desert_1_4m4", "num": 1 }
                    ]
                },
        
                {
                    "Notes": " 3m3 floorGo ",
                    "type": "V_29",
                    "isFloorGo": true,
                    "FloorGoSize": "MapEnt_3m3",
                    "isAllInstanceUseSamePlan": false,
                    "goSpecPool":[
                        { "goSpeciesName": "floorGo", "goLabel": "Desert_1_3m3", "num": 1 }
                    ]
                },
        
                {
                    "Notes": " 2m2 floorGo ",
                    "type": "V_28",
                    "isFloorGo": true,
                    "FloorGoSize": "MapEnt_2m2",
                    "isAllInstanceUseSamePlan": false,
                    "goSpecPool":[
                        { "goSpeciesName": "floorGo", "goLabel": "Desert_1_2m2", "num": 1 }
                    ]
                }
            ]

        }
    ]

},


{
    "Notes": " forest 地面材质 ",

    "yardName": "N_floorGo",
    

    "pngLPath": "natureFloorGo_B.M.png",
    "frameNum.col":  6,
    "frameNum.row":  4,
    "totalFrameNum": 24,

    "isHaveMajorGos": false,
    "isHaveFloorGos": true,

    "yardObjs":[
        {
            "yardLabel": "Forest",
            "dir": "Center",
            "isAllFramesInclude": true,

            "varTypes":[
                {
                    "Notes": " 4m4 floorGo ",
                    "type": "V_30",
                    "isFloorGo": true,
                    "FloorGoSize": "MapEnt_4m4",
                    "isAllInstanceUseSamePlan": false,
                    "goSpecPool":[
                        { "goSpeciesName": "floorGo", "goLabel": "Forest_1_4m4", "num": 1 }
                    ]
                },
        
                {
                    "Notes": " 3m3 floorGo ",
                    "type": "V_29",
                    "isFloorGo": true,
                    "FloorGoSize": "MapEnt_3m3",
                    "isAllInstanceUseSamePlan": false,
                    "goSpecPool":[
                        { "goSpeciesName": "floorGo", "goLabel": "Forest_1_3m3", "num": 1 }
                    ]
                },
        
                {
                    "Notes": " 2m2 floorGo ",
                    "type": "V_28",
                    "isFloorGo": true,
                    "FloorGoSize": "MapEnt_2m2",
                    "isAllInstanceUseSamePlan": false,
                    "goSpecPool":[
                        { "goSpeciesName": "floorGo", "goLabel": "Forest_1_2m2", "num": 1 }
                    ]
                }
            ]

        }
    ]

},


{
    "Notes": " savannah 地面材质 ",

    "yardName": "N_floorGo",
    

    "pngLPath": "natureFloorGo_B.M.png",
    "frameNum.col":  6,
    "frameNum.row":  4,
    "totalFrameNum": 24,

    "isHaveMajorGos": false,
    "isHaveFloorGos": true,

    "yardObjs":[
        {
            "yardLabel": "Savannah",
            "dir": "Center",
            "isAllFramesInclude": true,

            "varTypes":[
                {
                    "Notes": " 4m4 floorGo ",
                    "type": "V_30",
                    "isFloorGo": true,
                    "FloorGoSize": "MapEnt_4m4",
                    "isAllInstanceUseSamePlan": false,
                    "goSpecPool":[
                        { "goSpeciesName": "floorGo", "goLabel": "Savannah_1_4m4", "num": 1 }
                    ]
                },
        
                {
                    "Notes": " 3m3 floorGo ",
                    "type": "V_29",
                    "isFloorGo": true,
                    "FloorGoSize": "MapEnt_3m3",
                    "isAllInstanceUseSamePlan": false,
                    "goSpecPool":[
                        { "goSpeciesName": "floorGo", "goLabel": "Savannah_1_3m3", "num": 1 }
                    ]
                },
        
                {
                    "Notes": " 2m2 floorGo ",
                    "type": "V_28",
                    "isFloorGo": true,
                    "FloorGoSize": "MapEnt_2m2",
                    "isAllInstanceUseSamePlan": false,
                    "goSpecPool":[
                        { "goSpeciesName": "floorGo", "goLabel": "Savannah_1_2m2", "num": 1 }
                    ]
                }
            ]

        }
    ]

}



]
