[
{
    "Notes": "3m3 尺寸的 mushroom",

    "plotName": "mushroom",
    "plotLabel": "3m3",

    "pngLPath": "mushroom_3m3.M.png",
    "frameNum.col":  3,
    "frameNum.row":  6,
    "totalFrameNum": 18,

    "varTypes":[
        {
            "type": "V_1",
            "isAllInstanceUseSamePlan": false,
            "goSpecPool":[
                { "goSpeciesName": "mushroom", "goLabel":"Sml", "num": 3  }
            ]
        },

        {
            "type": "V_2",
            "isAllInstanceUseSamePlan": false,
            "goSpecPool":[
                { "goSpeciesName": "mushroom", "goLabel":"Mid", "num": 3  }
            ]
        },

        {
            "type": "V_3",
            "isAllInstanceUseSamePlan": false,
            "goSpecPool":[
                { "goSpeciesName": "mushroom", "goLabel":"SingleBig", "num": 3  }
            ]
        }
    ]
}

]
