[
    {
        "goSpeciesName": "bush",
        "without_holds": true,

        "renderLayerType": "MajorGoes",
        "shaderType": "OriginColor",

        "plans":[
            {
                "goLabel": "Blackberry",
                "collide":{
                    "collideType": "Square",
                    "signInMapEnts_square_type": "T_1m1"
                },
                "goMeshs":[
                    {   "afsName": "bush_blackberry", "animLabel": ""  }
                ]
            },

            {
                "goLabel": "Greyberry",
                "collide":{
                    "collideType": "Square",
                    "signInMapEnts_square_type": "T_1m1"
                },
                "goMeshs":[
                    {   "afsName": "bush_greyberry", "animLabel": ""  }
                ]
            },

            {
                "goLabel": "Origin",
                "collide":{
                    "collideType": "Square",
                    "signInMapEnts_square_type": "T_1m1"
                },
                "goMeshs":[
                    {  "dpos": [0,  12], "zOff": 0.0, "afsName": "bush_origin", "animLabel": "Back"  },
                    {  "dpos": [0,  -12], "zOff": 0.0, "afsName": "bush_origin", "animLabel": "Front"  }
                ]
            }
        ]
    }
]

