[
{
    "Notes": "石头 4m3",

    "plotName": "whiteRock",
    "plotLabel": "4m3",

    "pngLPath": "4m3.M.png",
    "frameNum.col":  5,
    "frameNum.row":  4,
    "totalFrameNum": 20,

    "varTypes":[
        {
            "type": "V_1",
            "isAllInstanceUseSamePlan": false,
            "goSpecPool":[
                { "goSpeciesName": "rock", "goLabel":"Big_Light_Bald", "num": 1 }
            ]
        }
        
    ]
},

{
    "Notes": "石头 4m3, 顶部带苔藓",

    "plotName": "whiteRock",
    "plotLabel": "4m3_lichen",

    "pngLPath": "4m3_lichen.M.png",
    "frameNum.col":  5,
    "frameNum.row":  4,
    "totalFrameNum": 20,

    "varTypes":[
        {
            "type": "V_1",
            "isAllInstanceUseSamePlan": false,
            "goSpecPool":[
                { "goSpeciesName": "rock", "goLabel":"Big_Light_Bald", "num": 1 }
            ]
        },

        {
            "type": "V_2",
            "isAllInstanceUseSamePlan": false,
            "goSpecPool":[
                { "goSpeciesName": "rock", "goLabel":"Big_Light_Lichen", "num": 1 }
            ]
        }
    ]
}



]
