[
{
    "Notes": " 测试用： 几颗草，围绕一个篱笆",

    "plotName": "bush_1",
    "plotLabel": "",

    "pngLPath": "bush_1.M.png",
    "frameNum.col":  3,
    "frameNum.row":  1,
    "totalFrameNum": 3,

    "varTypes":[
        {
            "type": "V_1",
            "isAllInstanceUseSamePlan": false,
            "goSpecPool":[
                
                { "goSpeciesName": "rock", "goLabel":"Big_Light_Bald", "num": 1 },
                { "goSpeciesName": "rock", "goLabel":"Big_Light_Lichen", "num": 2 }
                
            ]
        },

        {
            "type": "V_2",
            "isAllInstanceUseSamePlan": true,
            "goSpecPool":[
                { "goSpeciesName": "rock", "goLabel":"Big_Light_Bald", "num": 3 }
            ]
        }
    ]
}

]
